label,precision,recall,f1-score,support
1,0.95,0.8878504672897196,0.9178743961352657,107.0
2,0.7843137254901961,0.8602150537634409,0.8205128205128205,93.0
3,0.9490740740740741,0.9403669724770642,0.9447004608294931,218.0
accuracy,0.9090909090909091,0.9090909090909091,0.9090909090909091,0.9090909090909091
macro avg,0.8944625998547567,0.896144164510075,0.8943625591591932,418.0
weighted avg,0.9126538866476946,0.9090909090909091,0.9102032372129072,418.0
