label,precision,recall,f1-score,support
1,0.95,0.8837209302325582,0.9156626506024096,43.0
2,0.7368421052631579,0.7567567567567568,0.7466666666666667,37.0
3,0.9207920792079208,0.9393939393939394,0.93,99.0
accuracy,,,0.888268156424581,
macro avg,0.8692113948236928,0.8599572087944182,0.8641097724230254,179.0
weighted avg,0.8897853281358714,0.888268156424581,0.8886601153216216,179.0
