label,precision,recall,f1-score,support
1,0.9142857142857143,0.1641025641025641,0.2782608695652174,195.0
2,0.4925925925925926,0.726775956284153,0.58719646799117,183.0
3,0.8025751072961373,0.9516539440203562,0.8707799767171129,393.0
accuracy,0.6990920881971465,0.6990920881971465,0.6990920881971465,0.6990920881971465
macro avg,0.7364844713914813,0.6141774881356911,0.5787457714245001,771.0
weighted avg,0.757253146430014,0.6990920881971465,0.6536113541600868,771.0
